Id,TotSqFt,TotBaths,BedroomAbvGr,SalePrice
1461,2768.0,1.0,2,138400.75260906146
1462,3399.0,2.0,3,179053.93812100647
1463,3285.0,3.0,3,192584.81616207017
1464,3396.0,3.0,3,198296.34469704304
1465,3292.0,2.0,2,184760.05592321247
1466,3099.0,3.0,3,183014.14672508862
1467,3279.0,3.0,3,192276.08488990949
1468,2722.0,3.0,3,163615.53179099158
1469,3339.0,3.0,2,206575.2231005882
1470,2529.0,2.0,2,145499.72914677736
1471,3524.0,3.0,2,216094.43732554297
1472,2009.0,2.0,2,118743.0188928504
1473,1937.0,2.0,3,103826.41813785028
1474,2924.0,3.0,3,174009.48462040166
1475,2010.0,1.0,2,99397.70189276026
1476,4952.0,3.0,3,278360.65461071674
1477,3991.0,2.0,3,209515.42364086176
1478,4392.0,2.0,3,230148.96366360155
1479,4441.0,2.0,3,232670.26905291394
1480,6870.0,4.0,3,396448.52349020273
1481,5045.0,4.0,3,302542.76154132443
1482,3393.0,2.0,2,189957.0323379175
1483,3137.0,2.0,3,165572.6725699894
1484,2943.0,2.0,2,166802.18692586533
1485,2258.0,4.0,3,159137.08562268136
1486,3205.0,3.0,3,188468.39919992757
1487,5517.0,3.0,4,296221.0239167771
1488,4214.0,2.0,2,232201.76141190602
1489,3248.0,2.0,2,182496.02659403402
1490,3782.0,3.0,2,229369.88202845288
1491,3186.0,3.0,3,187490.7501714187
1492,2458.0,1.0,2,122449.63688075886
1493,3645.0,3.0,3,211108.6924917119
1494,4504.0,4.0,4,263493.66634576325
1495,4556.0,4.0,4,266169.33737115597
1496,3700.0,3.0,2,225150.5546422567
1497,3219.0,3.0,2,200400.59765737428
1498,2452.0,3.0,2,160934.450032832
1499,2452.0,4.0,2,180331.22224494893
1500,2482.0,4.0,2,181874.87860575243
1501,2740.0,4.0,2,195150.32330866234
1502,2156.0,3.0,2,145703.70727290437
1503,4488.0,3.0,1,276909.08720843313
1504,3879.0,4.0,3,242545.98431809596
1505,3994.0,3.0,3,229066.561489059
1506,4269.0,3.0,4,232004.91930735245
1507,4691.0,4.0,4,273115.79099477164
1508,3862.0,4.0,3,241671.24571364064
1509,2879.0,3.0,4,160482.17459012466
1510,3178.0,3.0,3,187079.10847520444
1511,3042.0,2.0,3,160684.42742744507
1512,3781.0,3.0,3,218106.60132735435
1513,2960.0,2.0,3,156465.1000412489
1514,3456.0,4.0,6,187144.9531635516
1515,4001.0,2.0,3,210029.97576112958
1516,2958.0,2.0,3,156362.18961719534
1517,2761.0,2.0,2,157437.33833699094
1518,3826.0,2.0,4,189813.48816737084
1519,3905.0,3.0,3,224487.0476186754
1520,2594.0,2.0,3,137632.49243944645
1521,2745.0,1.0,3,126005.45724337369
1522,3452.0,3.0,3,201177.83657054286
1523,2432.0,1.0,3,109899.97587899074
1524,2246.0,2.0,2,130937.9041431979
1525,2454.0,1.0,3,111031.99054357996
1526,2240.0,2.0,2,130629.17287103718
1527,2237.0,2.0,2,130474.80723495685
1528,2734.0,2.0,3,144836.22212319606
1529,2834.0,2.0,3,149981.74332587427
1530,4240.0,2.0,2,233539.59692460237
1531,2877.0,2.0,3,152194.31744302594
1532,2058.0,2.0,2,121264.32428216274
1533,3245.0,3.0,3,190526.6076809989
1534,2318.0,1.0,3,104034.08170793754
1535,3126.0,1.0,3,145609.89302557788
1536,2902.0,1.0,3,134083.92553157857
1537,2290.0,1.0,2,113805.1612602594
1538,3312.0,2.0,3,174577.33467467636
1539,3346.0,3.0,3,195723.5840957039
1540,3132.0,2.0,4,154103.57102078374
1541,2832.0,2.0,2,161090.65839089247
1542,2963.0,2.0,3,156619.46567732922
1543,3551.0,2.0,3,186875.1303490774
1544,1906.0,2.0,2,113443.13205409181
1545,2108.0,2.0,2,123837.0848835019
1546,2344.0,3.0,3,144165.46164486776
1547,2711.0,2.0,3,143652.75224658003
1548,2777.0,2.0,3,147048.79624034767
1549,2530.0,1.0,2,126154.41214668722
1550,2954.0,2.0,4,144944.5432800164
1551,2608.0,2.0,2,149564.69089689318
1552,3946.0,2.0,4,195988.11361058475
1553,2852.0,2.0,3,150907.93714235636
1554,2278.0,2.0,3,121372.64543898315
1555,3594.0,2.0,3,189087.70446622907
1556,2341.0,2.0,3,124614.32379667046
1557,2772.0,2.0,3,146791.5201802138
1558,1795.0,1.0,3,77123.00581793023
1559,2830.0,2.0,4,138564.09698869538
1560,3186.0,3.0,2,198702.57566049046
1561,3722.0,4.0,4,223255.6905408193
1562,2172.0,2.0,3,115918.39296414422
1563,2234.0,2.0,2,130320.4415988765
1564,3283.0,2.0,3,173085.13352589967
1565,2870.0,2.0,4,140622.30546976667
1566,4089.0,3.0,1,256378.45760974687
1567,1936.0,1.0,2,95590.01620277835
1568,4060.0,4.0,4,240647.5522058718
1569,3122.0,3.0,4,172985.79111263284
1570,2308.0,2.0,3,122916.30179978664
1571,2496.0,1.0,3,113193.10944870482
1572,2950.0,2.0,3,155950.54792098107
1573,3588.0,2.0,1,211202.6241722119
1574,3196.0,2.0,3,168608.5300795696
1575,3938.0,3.0,1,248608.72059370275
1576,4307.0,4.0,3,264568.8150655589
1577,3113.0,2.0,2,175549.5729704184
1578,2664.0,2.0,3,141234.35728132125
1579,2486.0,2.0,2,143287.15502962572
1580,3122.0,3.0,3,184197.61660170462
1581,2761.0,3.0,3,165622.2850600361
1582,2236.0,2.0,3,119211.52653385831
1583,5019.0,4.0,3,301204.92602862814
1584,4128.0,3.0,4,224749.73441157612
1585,2256.0,2.0,1,142664.2817525375
1586,880.0,1.0,2,41253.312302495935
1587,1808.0,1.0,3,77791.92357427841
1588,3153.0,2.0,3,166395.95596241794
1589,2504.0,1.0,2,124816.57663399086
1590,2456.0,2.0,3,130531.67317975048
1591,1920.0,1.0,3,83554.90732127805
1592,2699.0,2.0,2,154247.1151913304
1593,2277.0,2.0,2,132533.01571602814
1594,2650.0,3.0,6,126275.28005784795
1595,2716.0,2.0,3,143910.02830671397
1596,4059.0,3.0,4,221199.3247817281
1597,3693.0,3.0,5,191154.89169085395
1598,2548.0,4.0,3,174059.09711044832
1599,2791.0,2.0,1,170192.82018686619
1600,3106.0,2.0,2,175189.3864862309
1601,1220.0,1.0,1,69959.90988067379
1602,2617.0,1.0,2,130631.01559301728
1603,2303.0,1.0,3,103262.25352753581
1604,4101.0,4.0,2,265180.86687711347
1605,3776.0,4.0,3,237246.09747933736
1606,3402.0,3.0,3,198605.07596920375
1607,4782.0,3.0,5,247189.6175880202
1608,3490.0,3.0,3,203133.13462756062
1609,2973.0,2.0,2,168345.84328666885
1610,2328.0,3.0,3,143342.17825243922
1611,2860.0,2.0,2,162531.40432764238
1612,3484.0,2.0,3,183427.63114328298
1613,3702.0,2.0,3,194644.8673651216
1614,2481.0,3.0,2,162426.65118160873
1615,1864.0,2.0,3,100070.18765989515
1616,1638.0,2.0,3,88441.3097418423
1617,1988.0,2.0,3,106450.63395121622
1618,2090.0,1.0,3,92302.2933658311
1619,2592.0,2.0,2,148741.40750446465
1620,4464.0,6.0,4,300229.00228892587
1621,2496.0,2.0,3,132589.8816608218
1622,3185.0,2.0,5,145618.87176913142
1623,4379.0,5.0,3,287670.36254360416
1624,4039.0,4.0,3,250778.8182423812
1625,2266.0,1.0,2,112570.23617161662
1626,3497.0,3.0,4,192281.4956226763
1627,3305.0,3.0,3,193613.92040260584
1628,4089.0,3.0,4,222742.98114253156
1629,2522.0,3.0,3,153324.48938563507
1630,5533.0,3.0,1,330679.7837764209
1631,3602.0,3.0,2,220107.943863632
1632,3951.0,3.0,2,238065.81286097915
1633,2418.0,3.0,3,147973.14733484967
1634,3112.0,4.0,3,203079.83669355372
1635,2678.0,4.0,3,180748.27467393008
1636,2822.0,2.0,3,149364.2807815529
1637,3999.0,4.0,3,248720.60976130987
1638,3795.0,3.0,4,207615.14880665753
1639,3889.0,2.0,3,204266.99201412994
1640,4419.0,3.0,4,239723.20111136982
1641,3326.0,2.0,3,175297.70764305134
1642,3426.0,4.0,3,219236.77326996345
1643,3654.0,3.0,3,211571.78939995295
1644,3621.0,3.0,3,209873.76740306913
1645,4210.0,3.0,3,240180.88728684408
1646,2760.0,3.0,3,165570.8298480093
1647,2915.0,2.0,3,154149.61550004367
1648,2882.0,2.0,2,163663.41899223163
1649,2429.0,3.0,3,148539.15466714426
1650,2514.0,2.0,3,133516.07547730388
1651,2504.0,1.0,3,113604.7511449191
1652,1734.0,3.0,2,123989.60779760213
1653,1758.0,3.0,2,125224.53288624491
1654,2900.0,3.0,3,172774.5595317589
1655,2579.0,3.0,2,167469.26196023342
1656,2779.0,3.0,3,166548.47887651817
1657,2900.0,4.0,3,192171.3317438758
1658,2898.0,3.0,3,172671.6491077053
1659,2187.0,2.0,2,127902.04663361769
1660,2802.0,2.0,3,148335.17654101725
1661,5501.0,5.0,4,334191.28494858247
1662,5116.0,4.0,3,306196.0815952261
1663,5226.0,3.0,3,292459.3827060551
1664,6476.0,5.0,2,406783.7676528391
1665,4715.0,2.0,3,246768.99714825233
1666,4677.0,3.0,3,264210.4713033515
1667,5133.0,4.0,5,284647.16922153777
1668,4622.0,3.0,3,261380.43464187847
1669,3971.0,3.0,2,239094.9171015148
1670,4658.0,3.0,3,263232.82227484265
1671,4458.0,3.0,3,252941.7798694861
1672,5906.0,4.0,3,346845.6990963842
1673,4366.0,4.0,4,256392.8470860673
1674,4365.0,2.0,3,228759.67293887842
1675,3428.0,2.0,2,191757.9647588549
1676,3469.0,3.0,1,224476.2261531417
1677,3410.0,3.0,2,210228.54315448974
1678,6394.0,4.0,2,383167.668054526
1679,5348.0,4.0,3,318133.69078543957
1680,4738.0,3.0,2,278561.06472605705
1681,3680.0,2.0,2,204724.6781896041
1682,4526.0,3.0,3,256440.73428730736
1683,3472.0,2.0,2,194021.99408803336
1684,2674.0,3.0,3,161145.68161370602
1685,2683.0,3.0,3,161608.77852194707
1686,2953.0,2.0,2,167316.73904613315
1687,2258.0,3.0,3,139740.31341056444
1688,3102.0,3.0,3,183168.51236116898
1689,3222.0,3.0,3,189343.1378043829
1690,2746.0,4.0,3,184247.22909175127
1691,2589.0,4.0,3,176168.7608035464
1692,3566.0,4.0,4,215228.67746464122
1693,2158.0,3.0,3,134594.7922078862
1694,2774.0,4.0,3,185687.97502850118
1695,2214.0,3.0,3,137476.28408138602
1696,4445.0,4.0,4,260457.80883618316
1697,2224.0,3.0,3,137990.83620165384
1698,5234.0,4.0,4,301055.9711253146
1699,5140.0,3.0,3,288034.23447175184
1700,4385.0,4.0,3,268582.32160364796
1701,4366.0,4.0,3,267604.6725751391
1702,4540.0,2.0,3,237764.33504356537
1703,4186.0,3.0,3,238945.96219820128
1704,4317.0,3.0,3,245686.59497370978
1705,3693.0,2.0,3,194181.77045688056
1706,6039.0,3.0,2,345504.2955729012
1707,3522.0,2.0,3,185382.9292003007
1708,3760.0,2.0,3,197629.26966267498
1709,4392.0,2.0,3,230148.96366360155
1710,3652.0,2.0,2,203283.9322528542
1711,3690.0,4.0,3,232820.94924503402
1712,4364.0,2.0,3,228708.21772685164
1713,4313.0,3.0,3,245480.77412560268
1714,3974.0,3.0,3,228037.45724852337
1715,3138.0,4.0,3,204417.67220625005
1716,3190.0,2.0,3,168299.7988074089
1717,2948.0,3.0,3,175244.40970904444
1718,2366.0,2.0,3,125900.70409734004
1719,3362.0,3.0,3,196546.86748813244
1720,4115.0,2.0,3,215895.86993218277
1721,3154.0,2.0,3,166447.41117444471
1722,2267.0,2.0,3,120806.63810668855
1723,2846.0,3.0,3,169995.97808231262
1724,3781.0,2.0,2,209921.65460430915
1725,3668.0,4.0,4,220477.10909137304
1726,3333.0,3.0,3,195054.66633935575
1727,3266.0,2.0,2,183422.2204105161
1728,2961.0,4.0,3,195310.09967750954
1729,2589.0,3.0,3,156771.9885914295
1730,2494.0,2.0,4,121275.14574769643
1731,2388.0,2.0,3,127032.71876192924
1732,2772.0,2.0,3,146791.5201802138
1733,2326.0,1.0,2,115657.54889322357
1734,2503.0,2.0,3,132950.06814500925
1735,2124.0,2.0,3,113448.54278685864
1736,2076.0,2.0,3,110978.69260957306
1737,5609.0,3.0,2,323378.55440138467
1738,3816.0,4.0,3,239304.30596040864
1739,5262.0,3.0,3,294311.7703390193
1740,4267.0,3.0,2,254325.65986144243
1741,3211.0,3.0,1,211200.7814502318
1742,2740.0,4.0,2,195150.32330866234
1743,2683.0,4.0,3,181005.550734064
1744,4876.0,3.0,2,285661.88398575305
1745,4486.0,2.0,2,246197.5790831909
1746,3482.0,3.0,4,191509.66744227457
1747,3940.0,3.0,3,226287.98003961277
1748,4375.0,3.0,5,226247.34629311963
1749,3449.0,3.0,3,201023.47093446253
1750,2768.0,2.0,3,146585.69933210663
1751,4265.0,3.0,4,231799.09845924535
1752,2040.0,2.0,2,120338.13046568068
1753,3776.0,2.0,3,198452.55305510352
1754,3997.0,4.0,4,237405.87384818454
1755,3067.0,3.0,3,181367.57994023158
1756,2544.0,2.0,2,146271.5573271791
1757,2036.0,1.0,3,89523.71191638485
1758,3254.0,2.0,3,171592.93237712298
1759,3451.0,3.0,3,201126.38135851608
1760,3557.0,3.0,3,206580.63383335504
1761,3228.0,3.0,3,189651.86907654357
1762,3737.0,3.0,4,204630.74650910412
1763,3237.0,2.0,4,159506.3682835959
1764,2320.0,2.0,2,134745.5898331798
1765,4248.0,2.0,2,233951.23862081664
1766,3773.0,3.0,3,217694.95963114008
1767,4123.0,3.0,2,246916.1093295857
1768,2856.0,2.0,3,151113.75799046352
1769,3302.0,2.0,3,174062.78255440854
1770,2429.0,3.0,3,148539.15466714426
1771,2863.0,2.0,3,151473.944474651
1772,3394.0,2.0,3,178796.66206087254
1773,3023.0,2.0,3,159706.7783989362
1774,4227.0,2.0,4,210447.02819011064
1775,2421.0,2.0,3,128730.74075881309
1776,2478.0,1.0,2,123478.7411212945
1777,1826.0,2.0,2,109326.71509194918
1778,2292.0,2.0,2,133304.8438964299
1779,2134.0,2.0,2,125174.92039619823
1780,2770.0,3.0,3,166085.38196827716
1781,2772.0,1.0,3,127394.74796809682
1782,2040.0,1.0,2,100941.35825356375
1783,3063.0,3.0,4,169949.93360305266
1784,2004.0,1.0,2,99088.97062059958
1785,2508.0,1.0,3,113810.57199302623
1786,4650.0,2.0,3,243424.40836651146
1787,2986.0,2.0,4,146591.11006487347
1788,1096.0,2.0,2,71764.4103123979
1789,2142.0,1.0,2,106189.78988029558
1790,1705.0,2.0,1,114312.45992578026
1791,4699.0,4.0,6,251103.78171284238
1792,3340.0,2.0,3,176018.08061142627
1793,2716.0,2.0,3,143910.02830671397
1794,2424.0,2.0,2,140096.93188396518
1795,2518.0,1.0,3,114325.12411329405
1796,1778.0,1.0,2,87460.09270254671
1797,3059.0,1.0,3,142162.39381978344
1798,2376.0,1.0,3,107018.48400549091
1799,1772.0,2.0,2,106548.13364250293
1800,1999.0,2.0,3,107016.64128351082
1801,2881.0,2.0,4,141188.31280206132
1802,3151.0,1.0,3,146896.27332624744
1803,3124.0,2.0,4,153691.92932456947
1804,2486.0,2.0,2,143287.15502962572
1805,2354.0,2.0,3,125283.24155301864
1806,2535.0,1.0,3,115199.86271774936
1807,3437.0,3.0,4,189194.18290106935
1808,2018.0,2.0,3,107994.29031201969
1809,2144.0,2.0,3,114477.64702739431
1810,2866.0,2.0,3,151628.31011073134
1811,2449.0,2.0,4,118959.66120649123
1812,2572.0,1.0,3,117103.70556274032
1813,2416.0,2.0,3,128473.46469867915
1814,2138.0,1.0,2,105983.96903218844
1815,945.0,1.0,1,55809.726573308566
1816,1784.0,1.0,2,87768.8239747074
1817,3067.0,2.0,3,161970.80772811465
1818,3516.0,2.0,3,185074.19792814
1819,2295.0,2.0,3,122247.38404343846
1820,1473.0,1.0,2,71766.25303437802
1821,2835.0,1.0,3,130636.42632578415
1822,3140.0,1.0,4,135118.44050488106
1823,1172.0,1.0,2,56278.23421431644
1824,2997.0,1.0,3,138972.17067412293
1825,2591.0,2.0,3,137478.12680336612
1826,2028.0,1.0,3,89112.07022017059
1827,2285.0,1.0,2,113547.88520012549
1828,3157.0,2.0,3,166601.77681052504
1829,3433.0,2.0,2,192015.2408189888
1830,3542.0,2.0,3,186412.03344083636
1831,2884.0,2.0,3,152554.50392721343
1832,3224.0,2.0,4,158837.45052724774
1833,3179.0,3.0,4,175918.73819815944
1834,2425.0,1.0,3,109539.78939480327
1835,3174.0,3.0,6,153237.811159882
1836,3402.0,1.0,3,159811.53154496988
1837,2015.0,2.0,1,130263.5756540829
1838,2697.0,3.0,3,162329.15149032202
1839,1508.0,2.0,2,92963.95766743233
1840,2520.0,6.0,3,211411.89559793228
1841,2556.0,4.0,2,185682.56429573434
1842,1923.0,3.0,4,111290.99189252051
1843,2987.0,2.0,3,157854.39076597203
1844,1994.0,2.0,3,106759.36522337691
1845,3040.0,2.0,4,149369.69151431974
1846,2896.0,2.0,3,153171.9664715348
1847,3391.0,3.0,4,186827.24314783735
1848,760.0,1.0,2,35078.686859282025
1849,2081.0,1.0,2,103051.02194666181
1850,2486.0,2.0,2,143287.15502962572
1851,2676.0,2.0,3,141851.81982564263
1852,2758.0,2.0,3,146071.1472118388
1853,2469.0,3.0,2,161809.18863728733
1854,2727.0,3.0,1,186296.45882926902
1855,2434.0,2.0,2,140611.484004233
1856,4075.0,4.0,3,252631.20587534533
1857,2592.0,1.0,4,106920.9843142042
1858,3021.0,2.0,6,125968.39150766736
1859,1935.0,2.0,4,92511.68222472497
1860,3115.0,4.0,2,214446.0278187058
1861,1913.0,2.0,4,91379.66756013574
1862,5087.0,8.0,6,348655.4928277018
1863,5087.0,8.0,6,348655.4928277018
1864,5087.0,8.0,6,348655.4928277018
1865,4582.0,3.0,1,281745.8771389507
1866,4598.0,3.0,3,260145.50955323572
1867,4174.0,2.0,3,218931.72744176298
1868,4576.0,3.0,3,259013.49488864647
1869,3402.0,3.0,2,209816.9014582755
1870,3578.0,3.0,2,218873.01877498924
1871,4082.0,2.0,3,214197.84793529898
1872,2630.0,3.0,3,158881.65228452758
1873,4076.0,4.0,3,252682.6610873721
1874,2578.0,2.0,3,136809.20904701797
1875,3546.0,3.0,3,206014.62650106044
1876,3438.0,4.0,3,219854.23581428482
1877,3636.0,3.0,3,210645.59558347086
1878,3874.0,2.0,3,203495.16383372818
1879,2229.0,1.0,3,99454.56783755387
1880,2272.0,2.0,2,132275.73965589423
1881,4766.0,3.0,3,268789.9851737352
1882,4146.0,3.0,4,225675.9282280582
1883,3163.0,3.0,3,186307.2802948027
1884,3721.0,3.0,3,215019.2886057474
1885,3665.0,3.0,2,223349.62222131933
1886,4511.0,3.0,3,255668.9061069056
1887,3522.0,3.0,3,204779.70141241766
1888,4233.0,3.0,3,241364.35716346005
1889,2580.0,3.0,3,156308.89168318844
1890,2947.0,2.0,3,155796.18228490074
1891,2172.0,2.0,2,127130.21845321599
1892,2072.0,1.0,3,91376.099549349
1893,2893.0,2.0,3,153017.60083545448
1894,3356.0,2.0,6,143205.8875366395
1895,3023.0,1.0,2,151521.831675891
1896,2358.0,1.0,3,106092.29018900883
1897,2405.0,2.0,3,127907.45736638455
1898,2430.0,2.0,3,129193.83766705413
1899,2668.0,1.0,3,122043.40591731142
1900,2351.0,1.0,3,105732.10370482136
1901,3018.0,3.0,2,190058.10003999097
1902,3451.0,1.0,2,173544.66242335396
1903,3857.0,3.0,5,199593.54646324628
1904,2614.0,2.0,2,149873.4221690539
1905,3853.0,3.0,3,221811.37659328268
1906,2966.0,3.0,3,176170.60352552653
1907,3993.0,3.0,3,229015.10627703223
1908,2279.0,1.0,2,113239.15392796477
1909,2428.0,3.0,2,159699.52494418924
1910,2406.0,2.0,2,139170.7380674831
1911,3567.0,4.0,3,226491.95816573978
1912,5063.0,3.0,3,284072.1831456896
1913,4209.0,2.0,5,198309.0088845568
1914,1416.0,1.0,2,68833.3059488514
1915,4094.0,4.0,2,264820.680392926
1916,1233.0,1.0,1,70628.82763702195
1917,4102.0,3.0,3,234623.72438795154
1918,2498.0,2.0,2,143904.6175739471
1919,3246.0,3.0,2,201789.88838209742
1920,3849.0,3.0,2,232817.3812342473
1921,5250.0,3.0,3,293694.30779469793
1922,4262.0,3.0,3,242856.55831223674
1923,3718.0,3.0,3,214864.92296966704
1924,4164.0,5.0,3,276607.4919578459
1925,3650.0,3.0,3,211365.9685518458
1926,5236.0,3.0,2,304185.7603153948
1927,2544.0,1.0,3,115662.9596259904
1928,3112.0,2.0,3,164286.29226931988
1929,2066.0,2.0,2,121675.965978377
1930,2184.0,2.0,2,127747.68099753736
1931,2541.0,2.0,2,146117.19169109876
1932,2501.0,2.0,3,132847.15772095567
1933,3855.0,2.0,4,191305.68931614753
1934,3036.0,3.0,3,179772.4683674013
1935,2811.0,3.0,3,168195.04566137522
1936,3184.0,3.0,3,187387.83974736513
1937,3190.0,3.0,3,187696.57101952584
1938,3175.0,3.0,3,186924.74283912408
1939,3874.0,3.0,1,245315.58702398866
1940,3292.0,2.0,2,184760.05592321247
1941,3064.0,3.0,3,181213.21430415122
1942,3001.0,4.0,3,197368.30815858085
1943,3363.0,3.0,2,207810.14818923097
1944,4575.0,4.0,5,255935.16091059314
1945,4728.0,3.0,2,278046.51260578923
1946,3745.0,1.0,3,177460.6692701563
1947,4181.0,3.0,2,249900.5116271391
1948,3894.0,3.0,3,223921.04028638077
1949,4080.0,3.0,2,244703.5352124341
1950,3270.0,3.0,3,191812.98798166844
1951,4862.0,3.0,3,273729.6855283063
1952,4582.0,3.0,3,259322.2261608072
1953,3057.0,3.0,3,180853.02781996375
1954,3372.0,3.0,3,197061.41960840026
1955,2512.0,2.0,3,133413.1650532503
1956,5798.0,4.0,4,330076.7107084199
1957,3385.0,2.0,2,189545.39064170324
1958,4953.0,4.0,4,286597.05654578866
1959,3213.0,4.0,4,197064.98761918698
1960,2176.0,1.0,2,107939.26708920617
1961,2304.0,2.0,3,122710.4809516795
1962,1786.0,3.0,2,126665.27882299482
1963,2233.0,2.0,2,130268.98638684969
1964,2196.0,3.0,3,136550.09026490393
1965,2771.0,3.0,4,154925.01169123215
1966,2588.0,2.0,2,148535.58665635754
1967,4373.0,3.0,3,248568.0868472096
1968,5968.0,4.0,4,338824.09675297304
1969,4969.0,3.0,2,290447.21870424383
1970,5842.0,4.0,4,332340.7400375984
1971,5982.0,4.0,4,339544.4697213479
1972,5003.0,4.0,3,300381.6426361996
1973,3816.0,3.0,4,208695.70825921994
1974,4602.0,4.0,4,268536.277124388
1975,6373.0,4.0,1,393298.9340910352
1976,4154.0,3.0,2,248511.220902416
1977,4934.0,4.0,4,285619.40751727985
1978,5576.0,3.0,4,299256.88142635726
1979,4642.0,3.0,2,273621.3643714859
1980,3251.0,2.0,2,182650.3922301144
1981,4754.0,3.0,2,279384.3481184856
1982,3269.0,3.0,2,202973.35825871342
1983,3269.0,2.0,2,183576.5860465965
1984,2891.0,3.0,2,183523.2881125896
1985,3834.0,3.0,2,232045.55305384556
1986,3800.0,3.0,2,230296.07584493497
1987,2944.0,2.0,2,166853.6421378921
1988,2772.0,3.0,3,166188.2923923307
1989,3146.0,3.0,3,185432.5416903474
1990,3435.0,3.0,4,189091.2724770158
1991,3410.0,3.0,2,210228.54315448974
1992,3413.0,3.0,3,199171.08330149835
1993,2659.0,3.0,3,160373.85343330426
1994,3947.0,3.0,4,215436.34103472848
1995,3035.0,3.0,3,179721.01315537453
1996,4019.0,3.0,3,230352.9417897286
1997,4693.0,3.0,4,253821.92920670827
1998,5103.0,3.0,2,297342.21711583267
1999,3933.0,4.0,4,234112.74027847045
2000,4773.0,3.0,4,257938.3461688509
2001,4544.0,4.0,4,265551.8748268346
2002,3824.0,3.0,3,220319.175444506
2003,4257.0,3.0,3,242599.28225210286
2004,3985.0,4.0,3,248000.23679293494
2005,3420.0,2.0,3,180134.4975735689
2006,3628.0,2.0,3,190837.1816751397
2007,4233.0,2.0,3,221967.58495134313
2008,3234.0,3.0,2,201172.425837776
2009,3282.0,4.0,3,211827.22273810676
2010,3212.0,3.0,3,188828.58568411504
2011,2440.0,2.0,3,129708.38978732195
2012,2839.0,2.0,3,150239.0193860082
2013,2958.0,3.0,3,175758.96182931226
2014,3280.0,4.0,3,211724.31231405318
2015,3190.0,3.0,3,187696.57101952584
2016,3199.0,4.0,3,207556.4401398838
2017,3356.0,4.0,3,215634.90842808867
2018,2553.0,2.0,3,135522.8287463484
2019,2280.0,2.0,3,121475.55586303673
2020,2088.0,2.0,3,111596.15515389446
2021,2004.0,1.0,3,87877.14513152781
2022,3734.0,3.0,3,215688.20636209557
2023,3224.0,2.0,4,158837.45052724774
2024,4770.0,4.0,4,277180.7527448875
2025,5613.0,4.0,4,320557.4964834652
2026,3075.0,2.0,1,184806.10040247245
2027,2446.0,4.0,2,180022.49097278828
2028,2723.0,2.0,2,155482.04027997315
2029,2765.0,4.0,3,185224.87812026014
2030,4045.0,3.0,2,242902.6027914967
2031,3487.0,3.0,1,225402.4199696238
2032,3639.0,3.0,2,222011.78670862297
2033,3835.0,3.0,2,232097.00826587234
2034,2558.0,4.0,3,174573.64923071617
2035,3193.0,4.0,3,207247.7088677231
2036,3195.0,4.0,3,207350.61929177667
2037,3216.0,4.0,3,208431.1787443391
2038,4393.0,4.0,2,280205.788788934
2039,3142.0,3.0,1,207650.3718203838
2040,5028.0,4.0,3,301668.0229368692
2041,4017.0,4.0,3,249646.80357779196
2042,3489.0,3.0,3,203081.6794155338
2043,3586.0,3.0,4,196861.00949305994
2044,4209.0,2.0,4,209520.83437362855
2045,4072.0,2.0,4,202471.47032595938
2046,3734.0,2.0,4,185079.60866090684
2047,2706.0,2.0,4,132183.65069737437
2048,2646.0,2.0,3,140308.16346483916
2049,4032.0,2.0,6,177989.6108667445
2050,2959.0,2.0,4,145201.81934015034
2051,1521.0,1.0,2,74236.10321166358
2052,2843.0,2.0,3,150444.8402341153
2053,2790.0,2.0,3,147717.71399669588
2054,1485.0,1.0,2,72383.7155786994
2055,3264.0,2.0,3,172107.4844973908
2056,2365.0,2.0,3,125849.24888531324
2057,2528.0,1.0,3,114839.67623356187
2058,3802.0,3.0,4,207975.335290845
2059,2827.0,2.0,3,149621.55684168683
2060,3574.0,3.0,2,218667.1979268821
2061,3896.0,2.0,3,204627.17849831743
2062,2592.0,2.0,3,137529.5820153929
2063,1842.0,2.0,2,110149.99848437772
2064,2940.0,2.0,3,155435.99580071325
2065,2366.0,1.0,2,117715.75737429486
2066,3368.0,2.0,3,177458.82654817618
2067,2137.0,3.0,4,122302.40726625198
2068,4132.0,2.0,5,194346.95755849456
2069,1325.0,1.0,1,75362.70714348597
2070,2374.0,1.0,3,106915.57358143736
2071,1848.0,1.0,2,91061.95754442149
2072,3916.0,2.0,3,205656.28273885307
2073,2576.0,3.0,3,156103.0708350813
2074,3567.0,2.0,3,187698.41374150594
2075,2681.0,2.0,3,142109.09588577657
2076,2328.0,1.0,2,115760.45931727713
2077,3063.0,3.0,3,181161.75909212444
2078,2353.0,2.0,3,125231.78634099184
2079,2772.0,2.0,3,146791.5201802138
2080,2200.0,2.0,2,128570.9643899659
2081,2372.0,1.0,4,95600.83766831202
2082,3600.0,2.0,6,155760.95927117442
2083,2836.0,2.0,3,150084.65374992788
2084,2000.0,2.0,2,118279.92198460936
2085,2498.0,1.0,3,113296.0198727584
2086,1808.0,2.0,3,97188.69578639533
2087,2503.0,1.0,3,113553.29593289232
2088,2612.0,1.0,2,130373.73953288337
2089,1600.0,1.0,2,78301.0649617794
2090,2740.0,2.0,4,133933.12790628494
2091,2703.0,2.0,3,143241.11055036576
2092,3084.0,2.0,2,174057.37182164172
2093,3137.0,1.0,2,157387.72584694423
2094,1986.0,2.0,2,117559.5490162344
2095,3274.0,2.0,3,172622.03661765862
2096,1676.0,1.0,2,82211.66107581489
2097,1959.0,1.0,3,85561.66059032259
2098,3292.0,1.0,3,154151.4582220238
2099,1307.0,1.0,1,74436.51332700388
2100,2036.0,2.0,5,86496.83315035826
2101,3096.0,2.0,4,152251.18338781956
2102,2554.0,1.0,3,116177.51174625823
2103,1810.0,1.0,2,89106.65948740375
2104,3935.0,2.0,4,195422.10627829016
2105,2429.0,2.0,3,129142.38245502733
2106,2377.0,1.0,2,118281.76470658949
2107,4449.0,2.0,5,210658.25977098467
2108,2276.0,2.0,2,132481.56050400136
2109,2270.0,1.0,2,112776.05701972372
2110,2704.0,1.0,2,135107.61903934737
2111,2802.0,2.0,3,148335.17654101725
2112,3032.0,2.0,3,160169.87530717725
2113,2122.0,1.0,3,93948.86015068814
2114,2194.0,2.0,3,117050.40762873342
2115,2904.0,2.0,3,153583.60816774907
2116,2316.0,1.0,2,115142.99677295572
2117,3266.0,2.0,3,172210.39492144436
2118,2321.0,2.0,2,134797.04504520659
2119,2266.0,1.0,3,101358.41068254485
2120,2316.0,2.0,3,123327.94349600088
2121,2167.0,1.0,2,107476.17018096513
2122,2621.0,2.0,2,150233.60865324133
2123,1020.0,1.0,1,59668.86747531727
2124,3418.0,2.0,4,168819.76166044356
2125,3772.0,2.0,4,187034.90671792458
2126,3393.0,2.0,4,167533.38135977398
2127,3830.0,2.0,5,178807.4835264062
2128,2815.0,1.0,3,129607.32208524847
2129,2060.0,1.0,1,113182.28798317116
2130,2908.0,2.0,4,142577.6035267844
2131,3675.0,2.0,4,182043.7511513267
2132,2705.0,2.0,2,154555.84646349106
2133,2532.0,1.0,2,126257.32257074077
2134,2388.0,3.0,3,146429.49097404617
2135,1826.0,1.0,1,101141.76836890403
2136,2126.0,2.0,3,113551.45321091222
2137,2522.0,1.0,3,114530.94496140118
2138,2624.0,2.0,3,139176.14880024997
2139,2756.0,2.0,3,145968.23678778525
2140,2482.0,2.0,3,131869.5086924468
2141,2299.0,2.0,3,122453.2048915456
2142,2506.0,1.0,3,113707.66156897268
2143,2870.0,2.0,2,163045.9564479102
2144,3030.0,2.0,3,160066.9648831237
2145,2388.0,2.0,3,127032.71876192924
2146,3219.0,2.0,1,192215.6509343291
2147,3469.0,3.0,3,202052.57517499817
2148,2553.0,3.0,2,166131.42644753706
2149,2823.0,1.0,3,130018.96378146273
2150,3666.0,3.0,3,212189.25194427435
2151,2033.0,1.0,2,100581.17176937626
2152,3137.0,2.0,2,176784.49805906115
2153,4074.0,2.0,3,213786.2062390847
2154,1728.0,2.0,2,104284.1043133245
2155,2406.0,2.0,3,127958.91257841133
2156,4801.0,4.0,4,278775.86431771773
2157,4226.0,4.0,3,260400.94289138948
2158,3731.0,3.0,4,204322.01523694344
2159,3314.0,3.0,3,194077.01731084686
2160,2592.0,3.0,3,156926.35422750984
2161,4292.0,2.0,3,225003.44246092328
2162,6220.0,3.0,3,343605.86346067704
2163,4643.0,4.0,3,281857.76630655787
2164,3933.0,3.0,3,225927.7935554253
2165,3602.0,3.0,2,220107.943863632
2166,2676.0,2.0,3,141851.81982564263
2167,3712.0,3.0,3,214556.19169750635
2168,3331.0,4.0,3,214348.5281274191
2169,3036.0,3.0,3,179772.4683674013
2170,3605.0,4.0,3,228447.2562227575
2171,3057.0,2.0,3,161456.25560784683
2172,2728.0,2.0,3,144527.49085103534
2173,3468.0,3.0,2,213212.94545204315
2174,4072.0,3.0,3,233080.06802714808
2175,4313.0,4.0,3,264877.5463377196
2176,4496.0,3.0,3,254897.0779265039
2177,4109.0,3.0,4,223772.08538306726
2178,3323.0,3.0,3,194540.1142190879
2179,2256.0,2.0,1,142664.2817525375
2180,4624.0,4.0,2,292091.9427671208
2181,3395.0,2.0,3,178848.1172728993
2182,3966.0,2.0,3,208229.04334019218
2183,3372.0,2.0,3,177664.64739628334
2184,2868.0,1.0,3,132334.44832266797
2185,2217.0,2.0,3,118233.87750534942
2186,2872.0,3.0,3,171333.81359500898
2187,2980.0,2.0,3,157494.20428178454
2188,2522.0,2.0,3,133927.71717351815
2189,4816.0,4.0,5,268335.86700904765
2190,1152.0,2.0,2,74645.90218589772
2191,1152.0,2.0,2,74645.90218589772
2192,1680.0,2.0,2,101814.25413603893
2193,1680.0,2.0,2,101814.25413603893
2194,1137.0,2.0,4,51450.423027352466
2195,2261.0,1.0,2,112312.96011148268
2196,1932.0,1.0,3,84172.36986559945
2197,2629.0,2.0,3,139433.42486038385
2198,3054.0,2.0,2,172513.7154608382
2199,3729.0,6.0,4,262409.42144924065
2200,2521.0,2.0,2,145088.0874505631
2201,2764.0,1.0,3,126983.10627188256
2202,2632.0,3.0,3,158984.56270858116
2203,3203.0,1.0,4,138360.11886256834
2204,3160.0,2.0,4,155544.31695753365
2205,2647.0,1.0,3,120962.846464749
2206,2918.0,2.0,2,165515.8066251958
2207,3474.0,2.0,4,171701.25353394338
2208,3595.0,4.0,3,227932.7041024897
2209,4555.0,3.0,3,257932.93543608405
2210,2223.0,1.0,2,110357.66205446495
2211,2124.0,2.0,2,124660.3682759304
2212,2050.0,1.0,3,90244.08488475981
2213,2076.0,1.0,4,80370.09490838437
2214,2848.0,2.0,3,150702.11629424925
2215,1882.0,1.0,2,92811.43475333208
2216,3462.0,2.0,4,171083.790989622
2217,1220.0,1.0,2,58748.084391602024
2218,1842.0,1.0,2,90753.2262722608
2219,1600.0,1.0,2,78301.0649617794
2220,1862.0,2.0,3,99967.2772358416
2221,4137.0,4.0,2,267033.25451007765
2222,4058.0,4.0,2,262968.2927599618
2223,4896.0,4.0,3,294875.93494933384
2224,3896.0,3.0,3,224023.95071043435
2225,2356.0,4.0,4,152967.8709122343
2226,4349.0,3.0,3,247333.16175856686
2227,3530.0,3.0,2,216403.16859770365
2228,3869.0,3.0,3,222634.65998571122
2229,3504.0,4.0,3,223250.2798080525
2230,2294.0,3.0,3,141592.70104352862
2231,3138.0,3.0,3,185020.89999413313
2232,3872.0,2.0,3,203392.25340967462
2233,3372.0,2.0,3,177664.64739628334
2234,3619.0,3.0,3,209770.85697901557
2235,3993.0,3.0,3,229015.10627703223
2236,4408.0,3.0,3,250369.019268147
2237,5085.0,4.0,3,304600.9700223957
2238,3472.0,4.0,2,232815.5385122672
2239,2236.0,1.0,2,111026.57981081313
2240,2892.0,3.0,2,183574.74332461637
2241,3540.0,2.0,3,186309.1230167828
2242,2679.0,1.0,3,122609.41324960605
2243,2479.0,2.0,4,120503.3175672947
2244,2032.0,2.0,2,119926.4887694664
2245,1968.0,2.0,1,127845.18068882408
2246,2611.0,2.0,3,138507.23104390176
2247,1825.0,3.0,3,117460.20660296756
2248,2211.0,2.0,2,129136.9717222605
2249,1954.0,1.0,3,85304.38453018868
2250,2237.0,1.0,3,99866.20953376814
2251,2810.0,2.0,4,137534.99274815974
2252,3743.0,2.0,3,196754.53105821967
2253,2158.0,3.0,3,134594.7922078862
2254,2804.0,3.0,3,167834.85917718775
2255,3392.0,4.0,3,217487.29606105282
2256,2708.0,3.0,3,162895.15882261662
2257,3937.0,4.0,5,223106.7356375058
2258,2796.0,2.0,3,148026.44526885654
2259,3311.0,3.0,3,193922.65167476653
2260,3264.0,2.0,3,172107.4844973908
2261,3068.0,3.0,2,192630.8606413301
2262,3321.0,2.0,1,197464.08256106093
2263,4571.0,5.0,4,286337.93776367465
2264,6565.0,4.0,4,369542.85833296226
2265,3496.0,3.0,3,203441.8658997213
2266,3944.0,3.0,2,237705.62637679165
2267,5648.0,3.0,1,336597.1331595009
2268,4974.0,3.0,3,279492.66927530593
2269,3240.0,3.0,3,190269.33162086495
2270,2927.0,3.0,3,174163.85025648202
2271,3856.0,3.0,3,221965.74222936304
2272,3455.0,4.0,4,209517.14892966836
2273,3132.0,2.0,3,165315.39650985552
2274,3471.0,3.0,2,213367.3110881235
2275,4038.0,3.0,2,242542.4163073092
2276,3580.0,3.0,3,207764.10370997104
2277,3545.0,4.0,4,214148.1180120788
2278,3175.0,2.0,3,167527.97062700713
2279,2316.0,1.0,3,103931.17128388396
2280,2238.0,1.0,2,111129.49023486668
2281,3389.0,2.0,2,189751.2114898104
2282,3332.0,3.0,2,206215.0366164007
2283,2025.0,2.0,3,108354.47679620718
2284,2182.0,2.0,4,105221.11959534028
2285,2575.0,2.0,2,147866.66890000933
2286,2336.0,2.0,3,124357.04773653655
2287,4558.0,3.0,3,258087.30107216438
2288,4356.0,2.0,3,228296.57603063737
2289,5440.0,4.0,2,334079.39578097535
2290,5956.0,4.0,3,349418.4596977234
2291,4487.0,3.0,4,243222.15552919108
2292,5346.0,4.0,2,329242.6058504578
2293,6194.0,3.0,3,342268.0279479807
2294,5613.0,3.0,4,301160.7242713482
2295,6006.0,5.0,2,382599.81800025125
2296,4830.0,3.0,3,272083.1187434493
2297,4080.0,4.0,3,252888.48193547927
2298,4710.0,3.0,3,265908.49330023536
2299,5822.0,3.0,5,300703.038095874
2300,4940.0,4.0,3,297139.9642785123
2301,3787.0,4.0,3,237812.10481163196
2302,4244.0,3.0,3,241930.36449575465
2303,4191.0,3.0,3,239203.23825833522
2304,4042.0,3.0,3,231536.41166634456
2305,3395.0,3.0,1,220668.5404631598
2306,3395.0,3.0,1,220668.5404631598
2307,3404.0,3.0,2,209919.81188232906
2308,3964.0,2.0,2,219337.95840521037
2309,3960.0,3.0,2,238528.9097692202
2310,3236.0,2.0,2,181878.56404971264
2311,3460.0,3.0,2,212801.30375582888
2312,2936.0,3.0,3,174626.94716472307
2313,2842.0,3.0,3,169790.1572342055
2314,2653.0,2.0,3,140668.34994902665
2315,2803.0,3.0,3,167783.40396516098
2316,2828.0,4.0,3,188466.55647794745
2317,3183.0,3.0,3,187336.38453533835
2318,2828.0,3.0,3,169069.78426583053
2319,2708.0,3.0,3,162895.15882261662
2320,2966.0,2.0,3,156773.8313134096
2321,3788.0,3.0,2,229678.61330061356
2322,3036.0,2.0,2,171587.5216443561
2323,2515.0,3.0,2,164176.12839051933
2324,2258.0,4.0,3,159137.08562268136
2325,3687.0,3.0,3,213269.81139683677
2326,2278.0,3.0,3,140769.4176511001
2327,3277.0,3.0,4,180961.34897678412
2328,3596.0,3.0,4,197375.5616133278
2329,3097.0,4.0,3,202308.00851315196
2330,3547.0,3.0,3,206066.08171308722
2331,5392.0,4.0,4,309185.8946255462
2332,5487.0,4.0,4,314074.13976809056
2333,5075.0,4.0,4,292874.5924130562
2334,4209.0,3.0,4,228917.60658574547
2335,4033.0,4.0,4,239258.26148114866
2336,5086.0,3.0,4,274043.82753323385
2337,3546.0,2.0,3,186617.85428894352
2338,4214.0,3.0,3,240386.7081349512
2339,3756.0,2.0,3,197423.44881456782
2340,5152.0,3.0,1,311075.3479942167
2341,3764.0,5.0,3,256025.4071471329
2342,3746.0,3.0,3,216305.66890641695
2343,3899.0,3.0,3,224178.31634651468
2344,3826.0,3.0,3,220422.08586855954
2345,4031.0,3.0,3,230970.40433404996
2346,3415.0,2.0,3,179877.22151343495
2347,3455.0,2.0,3,181935.4299945063
2348,3558.0,3.0,3,206632.0890453818
2349,2874.0,3.0,3,171436.72401906253
2350,4010.0,4.0,3,249286.61709360447
2351,4008.0,2.0,2,221601.98773438882
2352,4203.0,2.0,2,231635.75407961142
2353,4665.0,3.0,4,252381.18326995836
2354,2336.0,2.0,3,124357.04773653655
2355,2341.0,2.0,3,124614.32379667046
2356,2764.0,2.0,3,146379.87848399952
2357,3545.0,2.0,3,186566.39907691674
2358,3405.0,3.0,3,198759.44160528408
2359,2519.0,2.0,2,144985.1770265095
2360,2288.0,2.0,2,133099.02304832274
2361,2954.0,3.0,3,175553.14098120513
2362,4571.0,4.0,3,278152.9910406295
2363,2688.0,2.0,2,153681.1078590358
2364,3096.0,2.0,2,174674.8343659631
2365,3512.0,3.0,2,215476.97478122156
2366,2836.0,3.0,2,180693.25145111655
2367,3672.0,3.0,2,223709.8087055068
2368,3411.0,3.0,2,210279.99836651652
2369,3730.0,3.0,2,226694.2110030602
2370,2685.0,4.0,3,181108.46115811754
2371,2801.0,3.0,3,167680.4935411074
2372,3672.0,2.0,3,193101.2110043181
2373,3882.0,4.0,3,242700.34995417634
2374,5014.0,4.0,3,300947.6499684942
2375,3713.0,3.0,1,237031.29788767666
2376,5106.0,4.0,3,305681.5294749582
2377,5900.0,3.0,2,338352.0211011784
2378,2602.0,3.0,3,157440.90634777767
2379,4181.0,4.0,4,246873.63286111248
2380,2695.0,2.0,3,142829.4688541515
2381,3512.0,3.0,3,204265.1492921498
2382,3707.0,2.0,3,194902.1434252555
2383,3930.0,2.0,2,217588.48119629975
2384,4017.0,4.0,3,249646.80357779196
2385,2894.0,3.0,3,172465.82825959817
2386,2548.0,2.0,3,135265.55268621445
2387,2516.0,2.0,3,133618.98590135743
2388,1754.0,2.0,2,105621.93982602085
2389,2436.0,1.0,2,121317.62221616964
2390,2619.0,2.0,2,150130.69822918778
2391,2882.0,1.0,3,133054.82129104293
2392,2100.0,1.0,3,92816.84548609894
2393,2814.0,3.0,3,168349.41129745558
2394,2716.0,2.0,3,143910.02830671397
2395,3699.0,3.0,5,191463.62296301464
2396,2902.0,2.0,3,153480.69774369552
2397,3955.0,3.0,3,227059.8082200145
2398,2742.0,1.0,2,137062.9170963651
2399,1384.0,2.0,2,86583.51137611129
2400,1061.0,2.0,2,69963.47789146051
2401,2067.0,1.0,2,102330.64897828686
2402,2691.0,2.0,2,153835.47349511614
2403,3912.0,2.0,4,194238.63640167413
2404,2685.0,3.0,3,161711.68894600062
2405,3165.0,2.0,3,167013.4185067393
2406,2406.0,2.0,2,139170.7380674831
2407,2324.0,2.0,3,123739.58519221515
2408,3147.0,2.0,3,166087.22469025722
2409,2624.0,1.0,3,119779.376588133
2410,3516.0,1.0,4,154465.6002269513
2411,2186.0,2.0,2,127850.59142159091
2412,3285.0,1.0,3,153791.2717378363
2413,2768.0,2.0,3,146585.69933210663
2414,2417.0,2.0,3,128524.91991070592
2415,3604.0,2.0,4,178390.4310974251
2416,2354.0,1.0,2,117098.29482997349
2417,2373.0,2.0,3,126260.8905815275
2418,2254.0,2.0,3,120137.72035034037
2419,3082.0,2.0,4,151530.81041944458
2420,2319.0,2.0,3,123482.30913208127
2421,3625.0,2.0,3,190682.8160390593
2422,2592.0,1.0,2,129344.63529234772
2423,2700.0,2.0,3,143086.74491428543
2424,3515.0,2.0,3,185022.74271611322
2425,5606.0,4.0,4,320197.3099992777
2426,3012.0,3.0,1,200961.19425690206
2427,2382.0,2.0,3,126723.98748976855
2428,3323.0,3.0,4,183328.28873001612
2429,2048.0,2.0,3,109537.94667282315
2430,2192.0,2.0,3,116947.49720467986
2431,2630.0,2.0,3,139484.88007241063
2432,2366.0,2.0,3,125900.70409734004
2433,2903.0,2.0,3,153532.1529557223
2434,2808.0,3.0,3,168040.6800252949
2435,3105.0,2.0,3,163926.1057851324
2436,1225.0,1.0,3,47793.53496266418
2437,2080.0,1.0,2,102999.56673463504
2438,2394.0,2.0,3,127341.45003408995
2439,2502.0,1.0,2,124713.6662099373
2440,2892.0,1.0,3,133569.37341131075
2441,2370.0,2.0,2,137318.3504345189
2442,2140.0,1.0,2,106086.879456242
2443,2259.0,1.0,2,112210.04968742913
2444,2612.0,1.0,2,130373.73953288337
2445,2059.0,1.0,3,90707.18179300085
2446,3375.0,3.0,4,186003.95975540884
2447,3313.0,3.0,3,194025.56209882008
2448,2744.0,3.0,4,153535.72096650902
2449,2751.0,1.0,3,126314.18851553438
2450,3275.0,2.0,3,172673.4918296854
2451,2413.0,2.0,3,128319.09906259882
2452,4147.0,2.0,3,217542.43671703985
2453,1299.0,1.0,2,62813.046141717845
2454,1806.0,2.0,1,119509.4363404853
2455,2339.0,2.0,1,146935.06435076045
2456,2686.0,2.0,3,142366.37194591045
2457,2418.0,2.0,3,128576.3751227327
2458,2049.0,2.0,3,109589.40188484993
2459,2144.0,1.0,2,106292.70030434913
2460,3107.0,3.0,3,183425.7884213029
2461,2274.0,2.0,4,109954.99910180428
2462,2892.0,1.0,3,133569.37341131075
2463,2441.0,2.0,2,140971.6704884205
2464,3924.0,3.0,4,214252.87115811248
2465,2918.0,1.0,3,134907.2089240071
2466,2642.0,1.0,4,109493.74491554333
2467,2542.0,3.0,3,154353.5936261707
2468,2107.0,2.0,3,112573.80418240336
2469,2476.0,1.0,2,123375.83069724095
2470,3803.0,3.0,5,196814.9650138
2471,3728.0,2.0,4,184770.87738874613
2472,4208.0,2.0,3,220681.20465067355
2473,2559.0,3.0,3,155228.33223062602
2474,2828.0,2.0,3,149673.0120537136
2475,4291.0,3.0,3,244348.75946101343
2476,2282.0,2.0,2,132790.29177616205
2477,2448.0,2.0,3,130120.03148353621
2478,3624.0,2.0,2,201843.1863161043
2479,2450.0,2.0,3,130222.94190758979
2480,2528.0,3.0,3,153633.22065779575
2481,2434.0,2.0,3,129399.65851516124
2482,2350.0,2.0,2,136289.24619398327
2483,2037.0,1.0,3,89575.16712841163
2484,2546.0,2.0,2,146374.46775123265
2485,2343.0,2.0,3,124717.23422072401
2486,2938.0,2.0,3,155333.0853766597
2487,4661.0,3.0,4,252175.3624218512
2488,2332.0,2.0,2,135363.05237750118
2489,3121.0,1.0,3,145352.61696544397
2490,2637.0,2.0,3,139845.06655659812
2491,1598.0,1.0,3,66986.32904865408
2492,3509.0,2.0,3,184714.01144395256
2493,2352.0,2.0,3,125180.33112896506
2494,3416.0,2.0,3,179928.6767254618
2495,2062.0,1.0,2,102073.37291815295
2496,4444.0,3.0,4,241009.5814120394
2497,3312.0,2.0,3,174577.33467467636
2498,2127.0,2.0,3,113602.908422939
2499,1311.0,1.0,3,52218.68319696746
2500,2445.0,2.0,2,141177.4913365276
2501,2940.0,2.0,4,144224.17031164147
2502,2881.0,2.0,4,141188.31280206132
2503,2593.0,2.0,4,126369.21173834789
2504,5093.0,2.0,4,255007.24180530437
2505,3531.0,4.0,3,224639.57053277563
2506,4432.0,2.0,3,232207.1721446729
2507,5342.0,3.0,3,298428.18730116193
2508,4420.0,2.0,3,231589.70960035146
2509,4074.0,2.0,3,213786.2062390847
2510,3845.0,2.0,3,202002.9626849515
2511,3160.0,2.0,2,177967.96793567718
2512,3527.0,3.0,3,205036.97747255157
2513,3721.0,4.0,3,234416.06081786432
2514,3884.0,3.0,0,257041.96463332823
2515,2791.0,2.0,3,147769.16920872265
2516,2636.0,4.0,3,178587.15576880518
2517,2620.0,2.0,3,138970.3279521428
2518,2742.0,3.0,3,164644.63603152722
2519,3783.0,3.0,3,218209.5117514079
2520,3214.0,4.0,3,208328.26832028554
2521,3155.0,3.0,3,185895.63859858844
2522,3602.0,4.0,3,228292.89058667718
2523,2198.0,1.0,3,97859.45626472363
2524,2537.0,2.0,3,134699.54535391985
2525,2580.0,2.0,3,136912.11947107152
2526,2828.0,2.0,3,149673.0120537136
2527,2091.0,2.0,3,111750.52078997482
2528,2263.0,1.0,3,101204.0450464645
2529,2459.0,2.0,3,130686.03881583083
2530,2340.0,1.0,3,105166.09637252676
2531,4464.0,3.0,3,253250.51114164683
2532,3641.0,4.0,3,230299.6438557217
2533,3580.0,3.0,3,207764.10370997104
2534,3787.0,2.0,3,199018.56038739812
2535,4835.0,4.0,4,280525.34152662836
2536,3717.0,4.0,3,234210.23996975715
2537,3488.0,3.0,1,225453.87518165057
2538,2801.0,3.0,3,167680.4935411074
2539,3078.0,3.0,2,193145.41276159792
2540,3120.0,2.0,3,164697.9339655341
2541,2843.0,3.0,3,169841.61244623226
2542,2744.0,3.0,3,164747.5464555808
2543,2661.0,2.0,2,152291.81713431267
2544,2696.0,1.0,2,134695.9773431331
2545,2971.0,2.0,3,157031.1073735435
2546,2980.0,1.0,2,149309.25755873937
2547,2760.0,2.0,3,146174.05763589236
2548,2812.0,3.0,5,145822.8498952585
2549,2716.0,4.0,3,182703.5727309478
2550,12374.0,5.0,2,710266.6081868028
2551,2188.0,2.0,2,127953.5018456445
2552,2491.0,2.0,2,143544.4310897596
2553,1152.0,2.0,2,74645.90218589772
2554,2508.0,2.0,4,121995.51871607138
2555,1825.0,2.0,2,109275.2598799224
2556,2087.0,1.0,2,103359.75321882253
2557,2452.0,2.0,3,130325.85233164334
2558,4870.0,4.0,6,259902.62296942217
2559,3128.0,1.0,3,145712.80344963144
2560,2573.0,2.0,2,147763.75847595578
2561,1845.0,2.0,2,110304.36412045805
2562,2433.0,1.0,3,109951.43109101754
2563,2488.0,1.0,3,112781.46775249059
2564,3337.0,3.0,4,184048.66169839108
2565,2172.0,2.0,2,127130.21845321599
2566,2956.0,2.0,4,145047.45370407
2567,2755.0,2.0,3,145916.78157575848
2568,4359.0,2.0,3,228450.94166671776
2569,3744.0,3.0,3,216202.7584823634
2570,2203.0,1.0,2,109328.5578139293
2571,4140.0,2.0,4,205970.42474378058
2572,2668.0,2.0,1,163863.8291075719
2573,4163.0,2.0,3,218365.72010946838
2574,4373.0,3.0,2,259779.91233628136
2575,2685.0,1.0,3,122918.14452176674
2576,2713.0,2.0,3,143755.66267063358
2577,3553.0,2.0,3,186978.04077313095
2578,1828.0,1.0,2,90032.85330388584
2579,1149.0,1.0,1,66306.58982677221
2580,3081.0,2.0,4,151479.3552074178
2581,3310.0,2.0,3,174474.4242506228
2582,2336.0,1.0,2,116172.1010134914
2583,3969.0,4.0,2,258388.77888957816
2584,3092.0,3.0,2,193865.78572997288
2585,3700.0,2.0,3,194541.956941068
2586,3683.0,3.0,1,235487.64152687317
2587,3574.0,3.0,3,207455.37243781035
2588,2406.0,2.0,3,127958.91257841133
2589,2717.0,2.0,2,155173.3090078125
2590,3754.0,3.0,2,227929.13609170297
2591,3737.0,3.0,4,204630.74650910412
2592,3950.0,2.0,3,207405.75994776364
2593,3744.0,2.0,2,208017.8117593182
2594,3265.0,3.0,3,191555.71192153453
2595,3334.0,2.0,2,186921.17482833736
2596,4801.0,3.0,2,281802.74308374437
2597,3588.0,2.0,3,188778.97319406836
2598,4235.0,5.0,5,257837.16103360397
2599,4884.0,2.0,3,255464.92798077862
2600,4385.0,1.0,2,221603.83045636892
2601,2356.0,3.0,0,178418.40065640444
2602,1891.0,2.0,3,101459.47838461828
2603,2028.0,2.0,2,119720.66792135927
2604,1702.0,2.0,3,91734.44331155639
2605,1924.0,2.0,3,103157.50038150213
2606,2876.0,2.0,1,174566.5132091427
2607,4552.0,4.0,3,277175.34201212064
2608,4288.0,3.0,3,244194.3938249331
2609,3055.0,3.0,3,180750.11739591017
2610,1721.0,2.0,2,103923.91782913702
2611,3638.0,1.0,3,171954.96158329057
2612,2902.0,3.0,3,172877.46995581244
2613,2226.0,2.0,2,129908.79990266223
2614,2179.0,2.0,3,116278.57944833169
2615,3203.0,3.0,2,199577.31426494574
2616,2625.0,2.0,2,150439.4295013485
2617,4377.0,2.0,3,229377.13548319985
2618,3834.0,3.0,1,243257.37854291734
2619,4354.0,2.0,3,228193.66560658382
2620,3231.0,4.0,3,209203.00692474082
2621,2959.0,3.0,3,175810.41704133907
2622,3442.0,3.0,3,200663.28445027504
2623,3784.0,3.0,4,207049.1414743629
2624,5075.0,4.0,3,304086.41790212796
2625,5547.0,3.0,4,297764.68027758057
2626,2901.0,3.0,3,172826.01474378566
2627,3046.0,2.0,2,172102.07376462393
2628,5085.0,5.0,3,323997.7422345127
2629,5914.0,4.0,5,324833.689814455
2630,4527.0,3.0,4,245280.36401026236
2631,5534.0,4.0,4,316492.53473334934
2632,5219.0,4.0,4,300284.1429449129
2633,4156.0,3.0,2,248614.13132646956
2634,5208.0,4.0,3,310929.9611016901
2635,2834.0,2.0,2,161193.56881494602
2636,3789.0,3.0,4,207306.4175344968
2637,3210.0,2.0,2,180540.7285370163
2638,4065.0,4.0,3,252116.6537550775
2639,3111.0,3.0,3,183631.60926941
2640,3047.0,2.0,3,160941.703487579
2641,2377.0,2.0,3,126466.71142963464
2642,3713.0,3.0,2,225819.47239860488
2643,2057.0,2.0,3,110001.0435810642
2644,2606.0,2.0,3,138249.95498376788
2645,1788.0,2.0,3,96159.59154585969
2646,1695.0,2.0,2,102586.08231644068
2647,2233.0,2.0,3,119057.16089777793
2648,2858.0,3.0,2,181825.26611570577
2649,2870.0,2.0,3,151834.13095883845
2650,2458.0,3.0,2,161243.18130499273
2651,2799.0,3.0,3,167577.58311705384
2652,5158.0,4.0,4,297145.37501127913
2653,4116.0,2.0,2,227159.1506332813
2654,4378.0,2.0,4,218216.76520615484
2655,5387.0,3.0,2,311955.49733143894
2656,4209.0,3.0,4,228917.60658574547
2657,4496.0,4.0,3,274293.8501386208
2658,4422.0,3.0,3,251089.392236522
2659,4355.0,3.0,4,236430.06754165574
2660,4820.0,4.0,4,279753.5133462266
2661,4762.0,3.0,2,279795.9898146998
2662,4588.0,3.0,2,270842.7829220397
2663,4375.0,4.0,3,268067.76948338014
2664,3933.0,3.0,2,237139.61904449706
2665,4637.0,3.0,1,284575.91380042373
2666,4210.0,3.0,2,251392.71277591583
2667,2598.0,3.0,3,157235.08549967053
2668,2702.0,3.0,3,162586.42755045593
2669,3179.0,2.0,3,167733.7914751143
2670,4223.0,3.0,4,229637.97955412045
2671,2802.0,3.0,3,167731.94875313417
2672,3137.0,3.0,2,196181.2702711781
2673,3437.0,3.0,2,211617.83387921288
2674,3464.0,3.0,2,213007.124603936
2675,2814.0,2.0,2,160164.46457441038
2676,3027.0,3.0,3,179309.37145916026
2677,3302.0,3.0,3,193459.55476652549
2678,4419.0,4.0,4,259119.97332348675
2679,4146.0,4.0,3,256284.5259292469
2680,4212.0,4.0,3,259680.56992301455
2681,5471.0,4.0,4,313250.856375662
2682,5437.0,3.0,4,292104.6069546345
2683,7358.0,5.0,4,429743.6136823178
2684,4882.0,4.0,4,282943.73649188713
2685,5357.0,4.0,3,318596.7876936806
2686,4094.0,3.0,3,234212.08269173728
2687,4708.0,4.0,2,296414.1805773705
2688,3662.0,2.0,3,192586.65888405027
2689,3200.0,2.0,2,180026.17641674847
2690,5733.0,5.0,3,357340.7196278678
2691,3242.0,3.0,3,190372.24204491853
2692,2338.0,2.0,3,124459.95816059013
2693,3611.0,2.0,3,189962.44307068439
2694,2301.0,2.0,3,122556.11531559918
2695,3284.0,3.0,3,192533.3609500434
2696,2995.0,3.0,3,177662.80467430322
2697,3781.0,3.0,3,218106.60132735435
2698,3645.0,4.0,3,230505.4647038288
2699,3384.0,3.0,2,208890.70764179341
2700,2982.0,2.0,2,168808.94019490984
2701,2468.0,3.0,3,150545.9079361888
2702,2600.0,2.0,3,137941.22371160716
2703,2182.0,2.0,4,105221.11959534028
2704,2812.0,1.0,2,140664.7819382399
2705,2278.0,1.0,3,101975.87322686623
2706,2240.0,1.0,3,100020.5751698485
2707,2611.0,2.0,2,149719.0565329735
2708,2356.0,2.0,3,125386.15197707222
2709,1824.0,1.0,3,78615.20696670694
2710,2205.0,1.0,3,98219.6427489111
2711,6485.0,5.0,3,396035.03907200834
2712,5619.0,4.0,3,332078.0532446976
2713,3065.0,2.0,1,184291.54828220457
2714,2469.0,3.0,2,161809.18863728733
2715,2752.0,3.0,2,176371.01364086682
2716,2156.0,3.0,2,145703.70727290437
2717,3189.0,3.0,3,187645.11580749904
2718,3966.0,2.0,3,208229.04334019218
2719,3140.0,3.0,2,196335.63590725846
2720,3464.0,3.0,3,201795.29911486426
2721,2606.0,2.0,3,138249.95498376788
2722,3530.0,3.0,4,193979.51761956012
2723,2550.0,2.0,2,146580.2885993398
2724,2200.0,2.0,3,117359.13890089413
2725,2636.0,2.0,3,139793.61134457134
2726,2928.0,2.0,3,154818.53325639188
2727,3487.0,3.0,3,202978.76899148026
2728,3140.0,3.0,3,185123.8104181867
2729,2912.0,2.0,4,142783.42437489156
2730,2782.0,2.0,3,147306.0723004816
2731,2140.0,2.0,2,125483.65166835891
2732,2427.0,1.0,2,120854.52530792859
2733,3474.0,2.0,3,182913.07902301516
2734,3672.0,2.0,2,204313.03649338984
2735,2552.0,2.0,3,135471.3735343216
2736,2971.0,2.0,3,157031.1073735435
2737,2272.0,1.0,2,112878.9674437773
2738,3674.0,2.0,4,181992.29593929992
2739,3002.0,2.0,3,158626.2189463738
2740,2446.0,1.0,2,121832.17433643749
2741,2934.0,2.0,3,155127.26452855254
2742,3025.0,2.0,3,159809.68882298976
2743,3039.0,2.0,3,160530.06179136474
2744,3134.0,2.0,3,165418.30693390907
2745,2386.0,2.0,3,126929.80833787569
2746,2450.0,2.0,2,141434.76739666154
2747,2191.0,2.0,2,128107.86748172485
2748,2130.0,1.0,3,94360.5018469024
2749,2617.0,1.0,2,130631.01559301728
2750,2412.0,3.0,3,147664.41606268898
2751,2233.0,2.0,2,130268.98638684969
2752,3849.0,3.0,3,221605.55574517554
2753,3693.0,2.0,2,205393.59594595231
2754,6646.0,5.0,5,381895.67723017675
2755,2773.0,2.0,3,146842.97539224057
2756,2033.0,1.0,2,100581.17176937626
2757,2277.0,1.0,2,113136.24350391122
2758,1518.0,1.0,1,85293.56306465498
2759,3066.0,2.0,3,161919.35251608788
2760,3701.0,2.0,4,183381.586664023
2761,2943.0,2.0,3,155590.36143679358
2762,2846.0,2.0,3,150599.2058701957
2763,4101.0,3.0,3,234572.26917592477
2764,2251.0,2.0,2,131195.18020333178
2765,4949.0,4.0,3,297603.06118675333
2766,3395.0,2.0,3,178848.1172728993
2767,1440.0,2.0,2,89465.00324961111
2768,3112.0,2.0,4,153074.4667802481
2769,2750.0,1.0,3,126262.7333035076
2770,2618.0,2.0,3,138867.41752808925
2771,2064.0,2.0,3,110361.23006525169
2772,2226.0,2.0,3,118696.97441359046
2773,3593.0,2.0,5,166612.59827605876
2774,3260.0,2.0,3,171901.6636492837
2775,2966.0,1.0,4,126165.23361222088
2776,2620.0,2.0,3,138970.3279521428
2777,3064.0,2.0,4,150604.6166029625
2778,2054.0,1.0,2,101661.73122193871
2779,3499.0,2.0,4,172987.63383461296
2780,2456.0,1.0,2,122346.7264567053
2781,2158.0,1.0,2,107013.07327272408
2782,2083.0,1.0,2,103153.9323707154
2783,2659.0,1.0,2,132792.13449814214
2784,2496.0,2.0,3,132589.8816608218
2785,3152.0,2.0,5,143920.84977224763
2786,1262.0,2.0,1,91517.80099791558
2787,2330.0,2.0,3,124048.31646437586
2788,2000.0,1.0,2,98883.14977249244
2789,4191.0,2.0,5,197382.81506807476
2790,2258.0,2.0,2,131555.36668751927
2791,2544.0,1.0,3,115662.9596259904
2792,2145.0,1.0,2,106344.1555163759
2793,3020.0,1.0,2,151367.46603981068
2794,2172.0,2.0,3,115918.39296414422
2795,2300.0,1.0,3,103107.88789145545
2796,2122.0,1.0,2,105160.6856397599
2797,4657.0,2.0,5,221360.94387255542
2798,2824.0,2.0,3,149467.19120560645
2799,2233.0,1.0,3,99660.388685661
2800,1429.0,1.0,2,69502.22370519958
2801,2440.0,1.0,3,110311.617575205
2802,2516.0,2.0,3,133618.98590135743
2803,4598.0,2.0,4,229536.91185204702
2804,2259.0,1.0,3,100998.22419835736
2805,1413.0,1.0,2,68678.94031277107
2806,1997.0,1.0,2,98728.78413641208
2807,2512.0,3.0,2,164021.76275443897
2808,3018.0,2.0,3,159449.50233880227
2809,2259.0,2.0,2,131606.82189954605
2810,2492.0,2.0,3,132384.06081271466
2811,3430.0,3.0,3,200045.82190595366
2812,2927.0,2.0,3,154767.0780443651
2813,4684.0,2.0,6,211538.40910820678
2814,4516.0,2.0,6,202893.9334877073
2815,2182.0,1.0,2,108247.99836136686
2816,4499.0,2.0,2,246866.49683953906
2817,2961.0,2.0,1,178940.2062314192
2818,2168.0,2.0,2,126924.39760510882
2819,3004.0,4.0,2,208734.49928373293
2820,3058.0,2.0,3,161507.7108198736
2821,2428.0,1.0,3,109694.15503088363
2822,3698.0,2.0,4,183227.22102794267
2823,7140.0,4.0,5,387917.7797592904
2824,4714.0,3.0,3,266114.31414834247
2825,2630.0,1.0,3,120088.10786029369
2826,2402.0,2.0,3,127753.0917303042
2827,2914.0,2.0,5,131674.50930987336
2828,4346.0,3.0,4,235966.9706334147
2829,3992.0,4.0,2,259572.24876619413
2830,4072.0,3.0,3,233080.06802714808
2831,3211.0,2.0,2,180592.18374904306
2832,4209.0,3.0,3,240129.43207481725
2833,4170.0,4.0,2,268731.27650696144
2834,3590.0,3.0,3,208278.65583023886
2835,3949.0,2.0,3,207354.30473573686
2836,3179.0,3.0,3,187130.56368723122
2837,3356.0,3.0,3,196238.13621597175
2838,2662.0,2.0,3,141131.4468572677
2839,3257.0,3.0,3,191144.07022532026
2840,3571.0,3.0,3,207301.00680173
2841,3331.0,3.0,3,194951.75591530217
2842,3631.0,4.0,3,229785.09173545387
2843,2822.0,2.0,3,149364.2807815529
2844,3335.0,3.0,3,195157.5767634093
2845,2025.0,1.0,3,88957.70458409023
2846,3553.0,3.0,3,206374.8129852479
2847,3374.0,4.0,3,216561.10224457073
2848,3358.0,3.0,1,218764.69761816884
2849,3418.0,3.0,4,188216.53387256048
2850,4227.0,4.0,3,260452.39810341632
2851,3749.0,3.0,4,205248.20905342553
2852,3760.0,4.0,3,236422.81408690882
2853,3980.0,4.0,4,236531.13524372922
2854,2256.0,2.0,1,142664.2817525375
2855,3393.0,3.0,3,198141.9790609627
2856,3271.0,3.0,3,191864.44319369522
2857,3147.0,3.0,3,185483.99690237417
2858,3353.0,3.0,3,196083.7705798914
2859,2787.0,3.0,3,166960.12057273244
2860,1988.0,4.0,4,134032.3528863783
2861,2916.0,2.0,2,165412.8962011422
2862,3361.0,3.0,3,196495.41227610566
2863,1860.0,2.0,2,111076.19230085981
2864,4240.0,3.0,3,241724.54364764754
2865,2188.0,2.0,2,127953.5018456445
2866,3099.0,2.0,3,163617.37451297167
2867,1825.0,1.0,3,78666.66217873372
2868,2906.0,2.0,3,153686.51859180263
2869,3106.0,2.0,4,152765.73550808738
2870,3075.0,3.0,3,181779.22163644584
2871,2390.0,1.0,3,107738.85697386587
2872,1312.0,1.0,1,74693.78938713779
2873,2376.0,1.0,3,107018.48400549091
2874,2849.0,3.0,3,170150.34371839298
2875,2560.0,2.0,3,135883.01523053588
2876,3001.0,2.0,3,158574.763734347
2877,2645.0,1.0,3,120859.93604069542
2878,2954.0,2.0,4,144944.5432800164
2879,2823.0,2.0,3,149415.73599357967
2880,2352.0,1.0,4,94571.73342777637
2881,3114.0,2.0,3,164389.20269337343
2882,3141.0,2.0,2,176990.31890716832
2883,3144.0,2.0,4,154721.0335651051
2884,2929.0,2.0,3,154869.98846841865
2885,2953.0,2.0,3,156104.9135570614
2886,4017.0,3.0,4,219038.20587660326
2887,2327.0,2.0,2,135105.77631736727
2888,2880.0,2.0,3,152348.68307910627
2889,1216.0,1.0,2,58542.26354349489
2890,1808.0,1.0,2,89003.74906335017
2891,3010.0,2.0,4,147826.03515351628
2892,752.0,1.0,2,34667.04516306777
2893,2056.0,2.0,4,98737.76287996565
2894,1152.0,1.0,2,55249.1299737808
2895,4175.0,4.0,2,268988.5525670954
2896,4101.0,4.0,2,265180.86687711347
2897,3990.0,3.0,3,228860.7406409519
2898,3944.0,2.0,4,195885.2031865312
2899,3692.0,2.0,3,194130.31524485373
2900,2866.0,3.0,3,171025.08232284826
2901,3938.0,2.0,2,218000.12289251402
2902,3427.0,3.0,2,211103.28175894506
2903,4612.0,3.0,3,260865.88252161065
2904,4744.0,3.0,3,267657.97050914593
2905,2005.0,2.0,3,107325.3725556715
2906,3488.0,4.0,2,233638.8219046957
2907,2045.0,2.0,3,109383.58103674282
2908,2146.0,2.0,3,114580.55745144786
2909,4232.0,2.0,4,210704.30425024458
2910,1260.0,2.0,1,91414.89057386202
2911,1891.0,2.0,3,101459.47838461828
2912,2960.0,2.0,3,156465.1000412489
2913,1924.0,2.0,3,103157.50038150213
2914,1672.0,2.0,3,90190.78695075291
2915,1638.0,2.0,3,88441.3097418423
2916,1948.0,2.0,3,104392.42547014491
2917,3498.0,2.0,4,172936.17862258613
2918,1994.0,2.0,3,106759.36522337691
2919,3884.0,3.0,3,223406.48816611295
